age,tenure,monthly_charges,total_charges,num_products,support_calls,contract_type,payment_method,internet_service,churn
56,15,55.16,778.82,4,2,Month-to-Month,Mailed Check,DSL,1
69,64,30.14,1859.98,3,1,One Year,Electronic Check,DSL,0
46,28,68.59,1889.18,2,2,Month-to-Month,Credit Card,Fiber Optic,1
32,39,45.68,1824.64,4,4,Month-to-Month,Mailed Check,DSL,0
60,57,48.49,2811.59,3,2,Month-to-Month,Mailed Check,Fiber Optic,0
25,17,50.73,888.06,4,3,One Year,Credit Card,Fiber Optic,0
38,44,100.3,4449.45,3,1,Month-to-Month,Mailed Check,No,0
56,25,73.92,1873.81,4,2,Two Year,Bank Transfer,DSL,0
36,17,51.13,837.14,2,4,Month-to-Month,Electronic Check,No,1
40,13,81.03,1074.99,2,4,Month-to-Month,Electronic Check,Fiber Optic,1
28,25,91.62,2330.52,1,1,Month-to-Month,Bank Transfer,DSL,1
28,68,47.26,3251.39,4,3,Month-to-Month,Mailed Check,DSL,0
41,10,61.35,672.95,1,0,Month-to-Month,Mailed Check,DSL,0
53,67,32.19,2192.15,4,2,Month-to-Month,Electronic Check,DSL,0
57,18,38.11,703.55,3,5,Two Year,Mailed Check,DSL,1
41,34,88.11,3049.25,3,1,One Year,Electronic Check,Fiber Optic,0
20,8,38.14,303.79,1,2,Month-to-Month,Electronic Check,Fiber Optic,1
39,40,72.52,2856.71,4,2,Month-to-Month,Bank Transfer,No,1
19,42,90.9,3809.65,1,0,Two Year,Electronic Check,DSL,0
41,41,30.69,1221.04,2,3,Month-to-Month,Mailed Check,No,0
61,6,76.73,426.62,1,1,Month-to-Month,Mailed Check,DSL,1
47,52,45.66,2367.09,1,4,One Year,Credit Card,Fiber Optic,0
55,26,116.29,2983.92,3,5,One Year,Mailed Check,DSL,1
19,64,68.35,4359.0,1,3,One Year,Credit Card,DSL,0
38,59,100.6,5840.72,4,2,Month-to-Month,Electronic Check,No,1
50,56,75.02,4211.78,3,0,Month-to-Month,Mailed Check,DSL,0
29,59,24.34,1436.12,1,3,One Year,Bank Transfer,Fiber Optic,0
39,70,83.32,5791.55,2,1,Month-to-Month,Bank Transfer,Fiber Optic,0
61,33,115.14,3832.58,1,1,One Year,Bank Transfer,Fiber Optic,0
42,53,80.16,4295.36,1,1,One Year,Electronic Check,Fiber Optic,1
66,22,101.92,2161.86,1,1,Month-to-Month,Electronic Check,Fiber Optic,1
44,21,108.42,2238.68,3,2,Two Year,Credit Card,DSL,1
59,70,42.81,2958.24,4,2,Two Year,Bank Transfer,Fiber Optic,0
45,70,41.2,2837.0,2,1,One Year,Credit Card,No,0
33,4,81.1,365.87,1,0,Month-to-Month,Credit Card,DSL,1
32,62,61.1,3778.51,4,5,Month-to-Month,Mailed Check,DSL,1
64,62,103.99,6434.15,4,0,Month-to-Month,Mailed Check,Fiber Optic,0
68,24,110.0,2539.81,3,0,Month-to-Month,Bank Transfer,Fiber Optic,1
61,55,55.34,3075.47,2,1,Two Year,Electronic Check,Fiber Optic,0
69,9,43.69,331.25,3,1,Month-to-Month,Mailed Check,DSL,1
20,3,98.05,297.15,4,3,Month-to-Month,Electronic Check,Fiber Optic,1
54,31,47.48,1485.75,4,1,Month-to-Month,Credit Card,DSL,1
68,40,102.26,4158.43,4,0,One Year,Credit Card,Fiber Optic,0
24,36,62.37,2179.88,3,1,Month-to-Month,Credit Card,Fiber Optic,0
38,24,86.75,1931.02,2,4,Month-to-Month,Credit Card,DSL,1
26,6,29.55,186.49,1,2,Month-to-Month,Bank Transfer,Fiber Optic,0
56,66,82.39,5527.77,3,0,Two Year,Credit Card,No,0
35,4,65.18,322.67,4,3,Month-to-Month,Mailed Check,Fiber Optic,1
21,6,78.66,482.44,3,1,Two Year,Credit Card,No,1
42,51,36.8,1852.22,4,1,Two Year,Electronic Check,Fiber Optic,0
31,62,93.69,5849.14,1,0,Month-to-Month,Mailed Check,Fiber Optic,0
67,57,106.28,6009.28,1,3,One Year,Electronic Check,DSL,1
26,66,41.67,2774.04,2,1,Month-to-Month,Electronic Check,DSL,1
43,8,29.57,261.83,4,0,Two Year,Bank Transfer,DSL,0
19,26,22.36,634.37,2,2,One Year,Bank Transfer,Fiber Optic,0
37,51,84.2,4432.18,2,3,Month-to-Month,Electronic Check,No,1
45,45,80.71,3651.57,1,1,Month-to-Month,Electronic Check,DSL,1
64,44,74.67,3260.03,3,5,Month-to-Month,Credit Card,Fiber Optic,1
24,5,43.19,214.67,3,3,Two Year,Mailed Check,Fiber Optic,1
61,70,59.09,4047.85,2,3,Month-to-Month,Credit Card,Fiber Optic,0
25,26,79.45,2030.96,1,4,One Year,Bank Transfer,DSL,1
64,68,69.68,4717.78,4,1,Month-to-Month,Bank Transfer,Fiber Optic,0
52,19,118.78,2230.62,3,2,Two Year,Credit Card,DSL,1
31,20,33.64,680.42,2,2,Month-to-Month,Mailed Check,DSL,0
34,12,89.51,1033.0,3,2,One Year,Electronic Check,No,1
53,47,60.43,2896.26,3,2,Month-to-Month,Credit Card,DSL,0
67,1,62.82,62.83,4,3,One Year,Bank Transfer,DSL,1
57,14,91.76,1284.17,1,3,Month-to-Month,Mailed Check,No,1
21,64,89.24,5694.97,4,2,Month-to-Month,Bank Transfer,DSL,1
19,38,119.13,4534.7,1,3,Month-to-Month,Mailed Check,Fiber Optic,1
23,37,32.84,1256.33,3,1,One Year,Mailed Check,DSL,0
59,11,30.41,291.15,2,3,Month-to-Month,Mailed Check,DSL,1
21,3,92.43,244.38,4,5,One Year,Credit Card,DSL,0
46,33,77.84,2553.53,1,0,Month-to-Month,Credit Card,DSL,1
35,6,47.42,217.23,3,1,Two Year,Credit Card,Fiber Optic,0
43,50,27.94,1356.04,1,2,Two Year,Mailed Check,Fiber Optic,0
61,10,28.57,261.89,1,0,One Year,Mailed Check,Fiber Optic,0
51,5,109.42,590.82,1,2,Month-to-Month,Bank Transfer,No,1
27,23,39.19,914.5,3,0,Month-to-Month,Electronic Check,DSL,0
53,10,52.34,533.08,2,2,Month-to-Month,Credit Card,Fiber Optic,1
31,44,42.67,1920.02,2,1,Month-to-Month,Mailed Check,Fiber Optic,0
48,2,55.5,104.13,2,3,One Year,Bank Transfer,No,0
65,13,26.94,369.74,1,2,One Year,Bank Transfer,DSL,0
32,40,71.91,2871.24,3,5,Two Year,Bank Transfer,Fiber Optic,1
25,2,26.76,66.79,1,3,Month-to-Month,Credit Card,No,1
31,65,100.04,6473.46,2,1,One Year,Credit Card,DSL,0
40,63,43.37,2610.37,2,1,Month-to-Month,Electronic Check,No,1
57,17,74.0,1251.29,3,3,One Year,Bank Transfer,DSL,0
38,9,108.01,1043.23,1,0,Month-to-Month,Credit Card,Fiber Optic,0
33,15,85.09,1322.66,4,0,Month-to-Month,Bank Transfer,No,1
62,24,73.3,1807.47,4,1,Month-to-Month,Mailed Check,Fiber Optic,0
35,38,52.43,2054.15,2,1,One Year,Bank Transfer,Fiber Optic,0
64,35,53.3,1869.93,3,2,Two Year,Electronic Check,DSL,0
41,49,86.95,4270.42,1,4,Month-to-Month,Credit Card,No,1
43,69,119.41,8208.41,1,2,Month-to-Month,Mailed Check,Fiber Optic,1
42,62,86.18,5327.36,2,6,Month-to-Month,Credit Card,DSL,1
62,60,75.78,4577.59,2,1,One Year,Mailed Check,Fiber Optic,0
58,50,93.07,4713.69,1,2,Month-to-Month,Bank Transfer,Fiber Optic,1
46,9,66.52,591.71,1,1,One Year,Bank Transfer,DSL,1
32,34,26.01,861.83,2,3,Two Year,Electronic Check,DSL,0
62,35,76.23,2668.08,1,3,Two Year,Electronic Check,DSL,1
18,1,115.76,145.82,4,2,Month-to-Month,Mailed Check,Fiber Optic,1
42,40,37.53,1429.01,2,4,Two Year,Electronic Check,Fiber Optic,1
24,64,89.0,5581.19,1,2,One Year,Electronic Check,Fiber Optic,1
26,22,40.09,854.45,2,3,Month-to-Month,Electronic Check,No,0
41,60,73.58,4353.76,3,2,One Year,Electronic Check,No,0
18,64,29.67,1873.47,2,2,Two Year,Bank Transfer,Fiber Optic,0
61,11,65.04,708.05,2,1,Month-to-Month,Electronic Check,DSL,1
25,14,95.62,1316.02,3,3,Month-to-Month,Bank Transfer,Fiber Optic,1
41,60,54.76,3358.22,4,3,Month-to-Month,Bank Transfer,Fiber Optic,0
28,30,86.49,2611.04,1,2,One Year,Credit Card,Fiber Optic,0
68,35,99.54,3498.92,3,0,Month-to-Month,Bank Transfer,Fiber Optic,1
34,37,112.72,4201.75,2,1,Two Year,Bank Transfer,DSL,0
25,5,43.46,160.36,1,1,One Year,Electronic Check,No,0
52,26,59.93,1610.14,3,5,One Year,Bank Transfer,DSL,1
52,62,35.24,2181.09,1,1,Month-to-Month,Mailed Check,Fiber Optic,0
50,4,119.25,510.52,1,3,One Year,Electronic Check,DSL,1
22,42,112.7,4679.81,3,2,Month-to-Month,Electronic Check,No,1
59,18,74.0,1254.31,1,3,Month-to-Month,Electronic Check,DSL,1
56,40,104.2,4208.89,4,4,One Year,Credit Card,DSL,0
58,39,72.1,2830.72,3,3,Month-to-Month,Electronic Check,DSL,1
45,14,82.36,1107.94,4,3,One Year,Bank Transfer,DSL,0
24,32,28.91,881.64,2,2,Month-to-Month,Mailed Check,DSL,0
26,51,95.53,4928.3,1,3,Month-to-Month,Electronic Check,Fiber Optic,1
25,38,32.77,1185.79,2,2,Month-to-Month,Electronic Check,Fiber Optic,1
29,23,102.61,2442.16,2,2,Two Year,Mailed Check,DSL,1
51,63,98.2,6141.57,1,5,One Year,Electronic Check,DSL,0
50,15,90.87,1394.97,3,4,One Year,Credit Card,No,1
65,25,23.62,574.07,1,1,Month-to-Month,Bank Transfer,Fiber Optic,0
40,17,50.31,885.43,2,2,Month-to-Month,Mailed Check,Fiber Optic,0
41,66,46.31,3029.25,2,3,Two Year,Mailed Check,Fiber Optic,0
54,53,56.01,2960.39,3,2,Month-to-Month,Credit Card,DSL,0
52,51,28.76,1468.81,1,2,Month-to-Month,Bank Transfer,DSL,0
61,39,113.7,4384.19,2,0,One Year,Credit Card,DSL,0
57,51,75.38,3881.42,4,3,Month-to-Month,Bank Transfer,No,0
39,70,50.55,3512.84,2,2,Two Year,Credit Card,No,0
44,6,59.7,346.77,2,3,One Year,Electronic Check,Fiber Optic,0
52,67,64.72,4286.52,3,2,Month-to-Month,Credit Card,DSL,0
18,7,80.06,432.3,4,3,Month-to-Month,Mailed Check,DSL,1
52,51,71.57,3640.52,2,2,Month-to-Month,Mailed Check,DSL,0
54,42,111.94,4822.11,2,2,Two Year,Mailed Check,Fiber Optic,1
64,64,69.7,4500.03,4,2,One Year,Credit Card,DSL,0
31,15,119.22,1787.34,1,3,Month-to-Month,Mailed Check,No,1
20,29,105.14,3035.92,1,2,Month-to-Month,Mailed Check,DSL,1
18,33,40.85,1349.17,2,1,One Year,Electronic Check,No,0
22,27,113.06,3079.98,2,1,One Year,Electronic Check,Fiber Optic,1
43,36,31.64,1080.0,1,3,Month-to-Month,Bank Transfer,Fiber Optic,0
31,29,101.74,3006.18,3,0,Month-to-Month,Bank Transfer,Fiber Optic,1
56,38,58.06,2242.05,4,0,Month-to-Month,Bank Transfer,Fiber Optic,1
44,57,107.8,6180.51,4,3,One Year,Credit Card,Fiber Optic,1
26,27,106.81,2905.79,3,2,Two Year,Bank Transfer,Fiber Optic,1
32,55,100.59,5533.43,3,2,Month-to-Month,Credit Card,Fiber Optic,1
32,33,99.0,3300.64,3,0,One Year,Credit Card,No,0
43,68,50.47,3461.55,3,2,Month-to-Month,Bank Transfer,Fiber Optic,0
59,66,28.09,1836.24,3,1,Month-to-Month,Bank Transfer,Fiber Optic,0
30,10,60.3,574.32,3,2,Month-to-Month,Credit Card,No,0
68,5,37.35,191.84,4,3,Two Year,Electronic Check,DSL,0
49,38,89.5,3478.45,3,1,Month-to-Month,Mailed Check,DSL,1
56,13,54.61,647.97,1,5,One Year,Mailed Check,Fiber Optic,0
66,31,117.56,3570.98,3,1,Month-to-Month,Mailed Check,Fiber Optic,1
69,47,84.1,3960.94,3,2,Month-to-Month,Electronic Check,No,0
49,52,102.25,5319.54,4,2,Month-to-Month,Credit Card,Fiber Optic,1
21,56,33.25,1870.67,4,1,One Year,Bank Transfer,Fiber Optic,0
47,15,106.2,1605.2,3,3,Month-to-Month,Credit Card,Fiber Optic,1
54,29,112.28,3244.96,4,1,One Year,Credit Card,DSL,0
40,8,68.71,624.17,2,1,Month-to-Month,Bank Transfer,Fiber Optic,0
56,5,80.63,323.1,4,1,Month-to-Month,Electronic Check,No,1
62,29,96.48,2756.5,4,1,Month-to-Month,Mailed Check,DSL,1
32,47,37.48,1756.4,4,4,Month-to-Month,Mailed Check,Fiber Optic,0
60,68,70.26,4695.52,4,0,Month-to-Month,Credit Card,Fiber Optic,0
46,45,59.87,2685.36,1,1,Month-to-Month,Electronic Check,DSL,0
53,2,34.64,152.35,1,1,One Year,Mailed Check,DSL,0
30,27,56.75,1533.29,1,1,One Year,Electronic Check,No,0
49,36,26.82,977.06,3,1,Month-to-Month,Bank Transfer,DSL,0
24,36,22.58,749.87,3,1,Month-to-Month,Credit Card,DSL,0
68,26,33.52,840.7,2,0,Month-to-Month,Credit Card,DSL,1
39,43,116.31,4982.57,1,3,Month-to-Month,Electronic Check,Fiber Optic,1
45,27,74.95,2007.76,3,0,Month-to-Month,Mailed Check,Fiber Optic,1
19,69,116.58,8108.1,4,3,Two Year,Electronic Check,Fiber Optic,1
59,20,63.25,1292.88,4,1,Month-to-Month,Bank Transfer,DSL,1
62,11,51.18,507.41,1,6,Month-to-Month,Mailed Check,No,1
23,38,70.61,2695.51,2,1,Month-to-Month,Mailed Check,DSL,1
45,6,63.95,408.61,2,2,Month-to-Month,Electronic Check,DSL,1
45,23,30.57,760.12,4,1,One Year,Bank Transfer,Fiber Optic,0
61,47,84.08,4030.79,2,1,Month-to-Month,Mailed Check,DSL,0
61,46,41.6,1862.85,1,4,Month-to-Month,Credit Card,No,1
37,12,81.96,942.98,4,1,One Year,Bank Transfer,No,0
47,13,85.02,1042.38,3,2,Month-to-Month,Mailed Check,DSL,1
28,62,35.2,2170.7,3,3,One Year,Electronic Check,No,0
45,60,26.13,1591.12,2,0,One Year,Mailed Check,Fiber Optic,0
42,43,98.08,4266.81,4,1,Month-to-Month,Credit Card,No,1
56,68,65.98,4482.84,4,1,One Year,Bank Transfer,DSL,0
50,5,25.82,113.11,3,1,Month-to-Month,Mailed Check,Fiber Optic,1
18,37,119.49,4428.72,4,3,One Year,Credit Card,DSL,1
44,31,25.78,757.42,4,1,Month-to-Month,Mailed Check,No,0
69,9,89.5,909.98,4,2,Month-to-Month,Mailed Check,DSL,0
30,51,118.37,5956.49,2,3,One Year,Bank Transfer,Fiber Optic,1
58,29,43.92,1282.92,4,1,Two Year,Electronic Check,DSL,0
20,40,34.22,1469.98,1,2,Two Year,Electronic Check,DSL,1
56,41,32.14,1318.08,2,3,One Year,Credit Card,Fiber Optic,0
23,11,50.33,544.13,4,1,Month-to-Month,Credit Card,No,0
25,23,30.1,674.43,4,2,Month-to-Month,Credit Card,Fiber Optic,1
44,1,89.22,80.2,1,3,Month-to-Month,Bank Transfer,No,1
26,46,26.23,1275.22,2,2,Month-to-Month,Electronic Check,DSL,0
54,21,70.94,1379.15,3,0,Month-to-Month,Credit Card,Fiber Optic,1
50,36,119.67,4384.79,3,3,Two Year,Credit Card,Fiber Optic,0
68,54,101.4,5404.4,2,2,Month-to-Month,Mailed Check,DSL,0
59,57,81.52,4633.31,4,2,Month-to-Month,Mailed Check,Fiber Optic,0
61,1,50.63,29.17,4,0,Month-to-Month,Credit Card,Fiber Optic,1
41,63,82.39,5220.0,3,1,Two Year,Mailed Check,Fiber Optic,1
32,54,72.7,3845.89,3,0,One Year,Mailed Check,Fiber Optic,0
49,55,62.61,3466.66,3,1,One Year,Mailed Check,Fiber Optic,0
49,40,33.07,1424.02,1,1,Month-to-Month,Bank Transfer,DSL,0
41,15,108.66,1561.74,3,2,Two Year,Credit Card,DSL,1
58,21,64.98,1374.07,1,3,Month-to-Month,Credit Card,Fiber Optic,1
69,47,39.46,1821.52,2,3,Two Year,Mailed Check,DSL,0
66,53,56.78,3030.63,4,2,One Year,Bank Transfer,DSL,0
66,9,61.41,553.65,3,2,Month-to-Month,Mailed Check,Fiber Optic,1
69,52,102.75,5310.93,4,4,Month-to-Month,Bank Transfer,Fiber Optic,1
29,57,93.36,5345.91,4,1,One Year,Credit Card,DSL,1
56,26,96.93,2610.4,3,3,Month-to-Month,Mailed Check,Fiber Optic,1
19,41,21.1,855.55,3,3,Two Year,Credit Card,Fiber Optic,0
20,35,61.62,2192.69,2,4,Month-to-Month,Bank Transfer,DSL,1
66,63,68.13,4227.53,1,2,Month-to-Month,Electronic Check,Fiber Optic,0
54,25,21.92,500.18,1,4,Month-to-Month,Bank Transfer,Fiber Optic,0
66,38,45.98,1770.86,4,3,Month-to-Month,Electronic Check,Fiber Optic,0
34,2,96.03,266.27,3,2,Month-to-Month,Credit Card,Fiber Optic,1
66,7,33.71,253.75,2,3,Month-to-Month,Credit Card,DSL,1
19,34,73.53,2484.37,2,2,One Year,Mailed Check,Fiber Optic,1
19,17,41.52,705.8,2,2,Month-to-Month,Electronic Check,DSL,1
45,43,21.21,849.51,2,4,Two Year,Bank Transfer,No,0
40,59,44.12,2633.31,2,4,One Year,Credit Card,No,0
54,51,117.59,6041.21,1,1,Two Year,Electronic Check,Fiber Optic,1
49,54,100.15,5385.5,1,1,Month-to-Month,Bank Transfer,DSL,1
50,24,115.96,2759.54,1,0,Month-to-Month,Electronic Check,DSL,1
18,25,68.79,1733.04,3,3,Month-to-Month,Bank Transfer,DSL,1
36,71,30.97,2177.03,4,1,One Year,Bank Transfer,Fiber Optic,0
19,52,74.8,3886.29,2,6,Two Year,Bank Transfer,DSL,0
61,70,65.44,4685.79,3,1,Month-to-Month,Bank Transfer,Fiber Optic,0
43,33,104.44,3434.17,2,1,Month-to-Month,Electronic Check,DSL,1
49,49,29.81,1442.77,1,3,Two Year,Electronic Check,No,0
23,29,68.82,1963.4,3,3,Month-to-Month,Mailed Check,DSL,1
49,63,35.0,2242.21,1,0,One Year,Electronic Check,No,0
21,22,52.47,1145.28,2,2,One Year,Electronic Check,No,0
28,26,93.74,2404.77,2,1,Two Year,Mailed Check,Fiber Optic,0
34,28,67.6,1958.87,4,3,Month-to-Month,Electronic Check,Fiber Optic,1
55,49,57.59,2892.89,2,1,Month-to-Month,Bank Transfer,Fiber Optic,0
41,71,59.45,4190.93,1,3,One Year,Credit Card,Fiber Optic,0
22,49,65.94,3137.73,2,5,Two Year,Credit Card,DSL,1
69,20,98.5,2020.38,4,0,Month-to-Month,Mailed Check,DSL,0
51,63,109.21,6846.0,4,1,Month-to-Month,Electronic Check,Fiber Optic,0
23,61,115.53,7086.86,1,2,One Year,Electronic Check,Fiber Optic,0
39,49,98.69,4737.3,3,1,Two Year,Mailed Check,Fiber Optic,0
28,71,51.54,3703.97,2,5,Two Year,Credit Card,DSL,0
65,1,88.81,28.25,4,1,Two Year,Bank Transfer,DSL,0
33,13,63.76,865.42,2,3,Month-to-Month,Electronic Check,DSL,1
50,51,45.47,2319.68,2,2,Month-to-Month,Mailed Check,DSL,0
26,56,104.09,5781.34,3,2,One Year,Bank Transfer,DSL,0
23,62,23.84,1457.73,4,0,Two Year,Mailed Check,DSL,0
33,32,110.18,3560.08,2,2,Month-to-Month,Mailed Check,DSL,1
46,30,66.15,1989.79,4,2,Month-to-Month,Mailed Check,No,1
20,29,83.72,2457.1,1,4,One Year,Credit Card,DSL,1
37,49,85.94,4309.88,1,0,Month-to-Month,Credit Card,Fiber Optic,0
53,45,109.51,4849.74,2,3,Month-to-Month,Mailed Check,DSL,1
36,30,83.67,2590.96,4,3,One Year,Electronic Check,No,0
43,16,81.39,1307.46,2,3,One Year,Bank Transfer,Fiber Optic,1
20,40,26.67,1021.86,4,2,One Year,Electronic Check,DSL,0
36,19,71.84,1298.44,4,0,Month-to-Month,Credit Card,Fiber Optic,1
37,18,35.02,620.9,3,2,One Year,Bank Transfer,DSL,0
49,1,93.74,139.82,3,2,One Year,Mailed Check,Fiber Optic,0
24,47,71.22,3340.96,3,1,One Year,Electronic Check,DSL,0
69,66,88.02,5884.88,2,0,One Year,Electronic Check,No,0
58,38,24.17,845.9,3,0,Month-to-Month,Mailed Check,Fiber Optic,0
50,51,28.48,1451.88,3,1,Month-to-Month,Electronic Check,DSL,1
57,63,91.63,5710.07,1,0,Month-to-Month,Credit Card,Fiber Optic,0
56,4,27.21,127.02,4,2,Month-to-Month,Mailed Check,DSL,0
35,1,27.13,71.47,4,1,One Year,Electronic Check,No,0
57,8,21.21,148.64,3,3,Two Year,Mailed Check,Fiber Optic,0
18,29,115.65,3223.64,4,1,One Year,Bank Transfer,Fiber Optic,1
28,55,93.75,5166.2,1,1,One Year,Mailed Check,DSL,0
45,3,55.33,187.83,1,6,Month-to-Month,Electronic Check,No,1
42,32,49.65,1609.01,3,3,Month-to-Month,Credit Card,Fiber Optic,1
67,10,54.97,611.49,1,1,Month-to-Month,Mailed Check,DSL,1
40,34,97.47,3260.43,4,1,Month-to-Month,Mailed Check,DSL,1
48,55,86.14,4771.71,2,4,Month-to-Month,Electronic Check,DSL,1
47,32,38.52,1292.27,4,3,One Year,Credit Card,No,0
59,50,37.41,1781.57,2,0,Two Year,Credit Card,DSL,0
52,7,29.84,224.86,3,0,Month-to-Month,Bank Transfer,Fiber Optic,0
24,8,86.03,663.03,2,3,Month-to-Month,Bank Transfer,DSL,1
33,65,96.44,6264.52,1,3,One Year,Electronic Check,DSL,0
43,57,46.5,2667.88,4,4,Month-to-Month,Credit Card,Fiber Optic,0
65,67,22.09,1455.67,2,2,Two Year,Credit Card,No,0
69,59,28.22,1631.19,4,1,One Year,Bank Transfer,Fiber Optic,0
66,54,116.79,6308.37,3,4,Two Year,Bank Transfer,No,1
19,67,49.54,3264.82,3,2,Month-to-Month,Electronic Check,Fiber Optic,0
18,51,96.92,4888.63,1,1,One Year,Credit Card,DSL,1
65,8,82.47,693.73,3,2,Month-to-Month,Mailed Check,DSL,1
29,34,58.19,1921.02,2,2,One Year,Bank Transfer,Fiber Optic,0
22,35,40.57,1453.27,3,2,Month-to-Month,Electronic Check,No,0
54,32,32.14,1051.61,1,1,Month-to-Month,Credit Card,No,0
49,46,81.5,3662.71,4,0,One Year,Credit Card,DSL,0
26,16,97.46,1525.48,4,3,One Year,Bank Transfer,DSL,0
58,68,84.39,5798.23,3,4,Two Year,Electronic Check,DSL,1
52,37,73.03,2653.05,2,6,One Year,Mailed Check,No,0
36,54,24.2,1283.58,1,4,One Year,Bank Transfer,No,0
65,14,116.85,1659.0,2,2,Month-to-Month,Electronic Check,Fiber Optic,1
33,55,99.87,5532.02,1,1,One Year,Credit Card,DSL,0
20,48,49.28,2352.86,3,4,One Year,Mailed Check,Fiber Optic,0
37,7,118.0,796.12,1,2,Two Year,Electronic Check,Fiber Optic,1
41,7,80.19,632.45,1,3,Two Year,Mailed Check,DSL,1
50,33,78.24,2668.86,3,2,Month-to-Month,Electronic Check,Fiber Optic,1
41,23,94.81,2229.57,2,3,Two Year,Electronic Check,DSL,1
69,19,101.18,1926.69,3,0,Month-to-Month,Electronic Check,DSL,0
28,19,85.65,1586.94,1,2,Month-to-Month,Electronic Check,No,1
66,36,32.81,1139.64,3,2,One Year,Mailed Check,Fiber Optic,0
25,29,53.83,1587.2,1,2,Month-to-Month,Bank Transfer,Fiber Optic,0
53,60,112.81,6789.52,3,3,One Year,Mailed Check,Fiber Optic,1
55,2,42.46,155.0,4,2,Month-to-Month,Electronic Check,DSL,1
57,1,57.22,89.74,4,2,Month-to-Month,Mailed Check,Fiber Optic,1
37,47,63.21,2895.72,3,3,One Year,Mailed Check,Fiber Optic,0
52,69,63.94,4464.46,2,5,One Year,Mailed Check,Fiber Optic,0
65,20,81.29,1575.9,1,3,Two Year,Electronic Check,Fiber Optic,0
42,11,114.31,1238.21,4,0,One Year,Mailed Check,DSL,1
52,2,44.07,100.65,2,2,One Year,Credit Card,DSL,1
42,67,32.15,2253.83,1,3,Month-to-Month,Electronic Check,Fiber Optic,0
46,12,39.75,632.5,4,2,Month-to-Month,Mailed Check,DSL,1
35,20,108.69,2204.14,4,3,Month-to-Month,Credit Card,Fiber Optic,1
63,5,84.58,413.74,3,2,One Year,Mailed Check,DSL,1
35,37,48.59,1824.56,1,0,One Year,Bank Transfer,DSL,0
19,38,101.59,3904.8,2,2,Month-to-Month,Mailed Check,DSL,0
52,9,106.14,939.23,2,1,One Year,Mailed Check,No,1
33,53,104.65,5636.21,2,2,One Year,Bank Transfer,DSL,0
58,44,111.89,4934.66,1,2,Month-to-Month,Electronic Check,Fiber Optic,1
53,24,45.22,1110.17,2,4,Month-to-Month,Bank Transfer,Fiber Optic,1
50,30,95.5,2898.3,2,0,Two Year,Electronic Check,DSL,1
21,59,66.05,3918.03,2,2,One Year,Bank Transfer,Fiber Optic,0
50,14,104.2,1500.75,3,0,Two Year,Mailed Check,Fiber Optic,1
31,9,92.85,804.79,3,0,Month-to-Month,Mailed Check,Fiber Optic,1
38,40,97.64,3877.68,1,1,Two Year,Electronic Check,No,0
65,66,85.62,5595.91,1,2,Month-to-Month,Electronic Check,DSL,1
37,25,37.74,965.48,2,0,Month-to-Month,Credit Card,DSL,1
25,22,74.5,1677.95,3,1,Two Year,Credit Card,No,0
24,4,118.47,496.77,4,4,Month-to-Month,Mailed Check,DSL,1
20,26,113.74,3040.96,4,3,One Year,Mailed Check,Fiber Optic,1
34,58,24.32,1410.28,2,4,Month-to-Month,Credit Card,Fiber Optic,0
50,29,36.48,1091.36,2,2,One Year,Credit Card,DSL,0
65,37,33.17,1172.7,3,2,Two Year,Electronic Check,Fiber Optic,0
29,70,92.6,6462.65,3,2,Month-to-Month,Bank Transfer,DSL,0
68,18,101.78,1866.82,3,1,One Year,Electronic Check,DSL,1
39,42,41.35,1779.16,1,1,Month-to-Month,Credit Card,DSL,1
39,41,70.59,2879.49,1,1,One Year,Mailed Check,No,0
63,38,104.07,3951.08,2,1,Month-to-Month,Credit Card,DSL,1
47,34,93.28,3095.63,1,3,Month-to-Month,Mailed Check,Fiber Optic,1
55,17,74.22,1243.89,3,2,Month-to-Month,Mailed Check,No,0
55,37,79.03,2968.63,3,2,Month-to-Month,Mailed Check,Fiber Optic,1
62,25,70.84,1799.76,1,2,Two Year,Mailed Check,Fiber Optic,0
68,27,49.75,1368.28,4,0,Month-to-Month,Bank Transfer,Fiber Optic,1
25,57,76.5,4362.99,2,1,Month-to-Month,Credit Card,DSL,0
44,31,88.89,2755.94,4,4,Month-to-Month,Electronic Check,Fiber Optic,1
44,6,107.33,610.96,2,2,Month-to-Month,Mailed Check,Fiber Optic,1
51,40,83.63,3380.14,4,4,One Year,Mailed Check,No,1
38,12,96.11,1174.37,1,4,Two Year,Electronic Check,No,1
47,53,36.01,1933.13,2,2,Month-to-Month,Electronic Check,No,0
50,71,66.16,4671.06,2,1,Two Year,Mailed Check,No,0
45,10,20.93,101.63,2,3,One Year,Electronic Check,Fiber Optic,0
64,45,44.67,2065.01,3,3,Month-to-Month,Electronic Check,Fiber Optic,0
50,17,92.65,1551.11,3,1,One Year,Bank Transfer,No,0
22,26,119.18,3055.54,4,1,One Year,Electronic Check,DSL,0
65,62,29.92,1889.71,1,4,One Year,Credit Card,No,0
36,46,60.15,2747.3,3,1,Two Year,Credit Card,Fiber Optic,0
21,64,100.01,6453.64,2,4,Month-to-Month,Credit Card,Fiber Optic,1
52,2,40.4,111.65,3,0,Two Year,Mailed Check,Fiber Optic,0
66,54,75.51,4111.72,1,3,One Year,Credit Card,No,1
34,65,93.31,5996.85,3,3,Month-to-Month,Bank Transfer,DSL,1
61,51,81.6,4222.2,2,3,One Year,Credit Card,Fiber Optic,0
45,53,38.8,2069.46,4,2,Month-to-Month,Mailed Check,Fiber Optic,0
47,36,55.54,1980.98,2,1,Two Year,Bank Transfer,DSL,1
46,26,98.38,2565.05,1,0,One Year,Credit Card,Fiber Optic,1
63,29,75.42,2098.37,4,2,Month-to-Month,Bank Transfer,Fiber Optic,1
23,21,20.52,451.35,3,2,Month-to-Month,Bank Transfer,Fiber Optic,0
52,11,96.1,1005.63,3,2,One Year,Mailed Check,DSL,0
58,40,23.53,873.57,3,3,Month-to-Month,Mailed Check,Fiber Optic,0
54,11,94.57,964.15,4,3,Month-to-Month,Bank Transfer,Fiber Optic,0
41,36,40.25,1504.63,2,1,Month-to-Month,Credit Card,Fiber Optic,0
46,59,115.81,6801.33,4,2,Month-to-Month,Mailed Check,DSL,1
66,39,56.79,2291.5,4,1,Month-to-Month,Bank Transfer,No,0
63,54,52.69,2818.47,1,2,Month-to-Month,Electronic Check,Fiber Optic,1
48,55,34.89,1833.58,4,0,Month-to-Month,Electronic Check,Fiber Optic,0
52,24,50.56,1157.61,3,1,One Year,Mailed Check,Fiber Optic,0
50,22,107.67,2430.53,2,1,One Year,Credit Card,DSL,1
69,69,119.63,8246.68,2,2,Month-to-Month,Electronic Check,Fiber Optic,0
38,56,56.83,3155.07,2,1,Month-to-Month,Electronic Check,Fiber Optic,0
49,33,64.86,2148.38,3,1,One Year,Electronic Check,Fiber Optic,0
40,36,92.21,3344.65,3,2,Month-to-Month,Credit Card,Fiber Optic,1
50,20,108.62,2228.27,3,4,Month-to-Month,Credit Card,Fiber Optic,1
20,62,79.3,4989.02,3,0,Month-to-Month,Mailed Check,DSL,0
35,26,59.15,1519.91,3,1,Two Year,Mailed Check,Fiber Optic,0
42,66,61.26,3976.86,4,4,One Year,Electronic Check,DSL,0
59,40,89.56,3561.73,3,2,One Year,Credit Card,DSL,0
48,17,20.32,358.45,3,1,One Year,Bank Transfer,No,0
20,1,81.96,33.77,3,1,One Year,Electronic Check,Fiber Optic,1
57,61,55.55,3340.69,3,3,Month-to-Month,Mailed Check,Fiber Optic,1
63,43,99.42,4292.25,2,1,One Year,Credit Card,Fiber Optic,0
41,42,29.3,1228.17,3,3,Month-to-Month,Mailed Check,No,0
67,25,78.82,1972.14,4,3,One Year,Mailed Check,Fiber Optic,0
49,39,68.1,2617.98,4,2,One Year,Credit Card,Fiber Optic,0
64,35,84.23,2936.53,4,2,One Year,Electronic Check,DSL,0
39,3,26.49,33.26,1,4,Month-to-Month,Credit Card,No,1
40,44,78.0,3476.51,2,1,Month-to-Month,Electronic Check,No,1
19,51,76.15,3935.41,3,1,One Year,Mailed Check,No,0
44,12,76.07,820.53,1,2,One Year,Credit Card,DSL,1
59,19,80.35,1480.17,3,1,Two Year,Bank Transfer,DSL,0
19,44,87.65,3781.77,1,3,Month-to-Month,Electronic Check,DSL,0
43,59,100.5,5897.0,1,3,One Year,Bank Transfer,DSL,1
34,49,46.98,2297.85,4,4,One Year,Electronic Check,No,0
57,61,102.5,6180.02,4,1,Two Year,Credit Card,DSL,0
50,17,69.83,1141.02,1,1,One Year,Bank Transfer,DSL,1
26,57,27.71,1529.27,4,1,One Year,Credit Card,DSL,0
60,55,25.86,1432.66,1,1,One Year,Electronic Check,DSL,0
65,47,53.42,2514.21,2,2,One Year,Electronic Check,DSL,0
56,12,98.49,1145.79,4,0,Two Year,Electronic Check,Fiber Optic,0
46,62,90.77,5636.58,4,1,Month-to-Month,Electronic Check,Fiber Optic,0
59,8,98.86,763.55,4,2,Month-to-Month,Mailed Check,DSL,1
43,21,71.73,1492.75,2,4,Two Year,Electronic Check,Fiber Optic,1
52,70,64.02,4565.07,1,0,One Year,Bank Transfer,Fiber Optic,0
67,25,34.75,935.77,3,0,One Year,Electronic Check,DSL,0
42,12,52.82,568.86,4,1,Month-to-Month,Credit Card,Fiber Optic,0
41,15,63.4,992.49,1,1,Month-to-Month,Mailed Check,Fiber Optic,1
30,59,28.86,1743.31,2,4,One Year,Bank Transfer,Fiber Optic,0
24,26,42.06,1036.15,3,2,One Year,Mailed Check,Fiber Optic,0
53,26,79.82,2116.26,4,2,Month-to-Month,Mailed Check,DSL,0
62,47,93.57,4474.69,2,2,Month-to-Month,Mailed Check,No,0
37,32,119.83,3778.43,2,5,Two Year,Credit Card,No,1
18,10,113.31,1087.22,3,3,Month-to-Month,Mailed Check,No,1
25,16,84.26,1399.04,1,4,Two Year,Mailed Check,DSL,1
63,71,62.12,4424.09,4,3,Month-to-Month,Electronic Check,No,0
33,17,83.62,1449.11,4,0,One Year,Credit Card,No,0
31,23,98.57,2284.14,1,3,Two Year,Bank Transfer,No,0
29,26,31.83,847.11,1,2,One Year,Bank Transfer,DSL,0
68,7,60.99,360.61,1,3,Month-to-Month,Bank Transfer,Fiber Optic,1
40,14,103.98,1508.09,3,3,One Year,Credit Card,No,1
32,7,58.38,467.14,3,1,Month-to-Month,Bank Transfer,Fiber Optic,1
45,9,77.19,683.24,4,1,Month-to-Month,Credit Card,Fiber Optic,1
51,48,78.78,3779.27,3,4,Two Year,Electronic Check,No,1
19,59,38.45,2191.99,2,0,One Year,Electronic Check,Fiber Optic,0
49,39,56.22,2218.29,4,2,One Year,Credit Card,Fiber Optic,0
40,18,53.45,990.7,3,3,Month-to-Month,Bank Transfer,Fiber Optic,0
39,59,22.62,1331.47,1,1,Month-to-Month,Credit Card,No,0
68,17,22.42,437.36,2,0,Month-to-Month,Credit Card,DSL,1
42,14,103.17,1427.68,1,3,One Year,Mailed Check,Fiber Optic,1
39,31,47.31,1494.84,4,2,One Year,Credit Card,Fiber Optic,0
39,24,71.81,1672.46,1,1,One Year,Mailed Check,Fiber Optic,0
66,60,49.87,2991.02,3,2,Two Year,Electronic Check,Fiber Optic,0
69,45,114.07,5124.43,3,1,Month-to-Month,Mailed Check,No,0
59,3,45.93,149.06,4,0,Month-to-Month,Credit Card,No,0
23,37,62.97,2311.41,1,2,Month-to-Month,Electronic Check,DSL,1
32,43,107.27,4606.04,4,0,Month-to-Month,Mailed Check,Fiber Optic,1
60,40,104.19,4208.9,1,3,Month-to-Month,Credit Card,DSL,1
54,55,38.61,2101.71,2,2,Two Year,Electronic Check,DSL,0
50,39,100.26,3829.81,3,4,Month-to-Month,Mailed Check,Fiber Optic,1
25,15,65.82,1074.78,4,1,Two Year,Credit Card,No,0
61,4,68.3,342.27,2,0,Month-to-Month,Credit Card,No,1
61,25,33.35,769.14,2,0,Two Year,Bank Transfer,DSL,0
22,13,28.06,399.27,4,4,One Year,Bank Transfer,DSL,0
56,33,92.79,3036.92,4,0,Two Year,Mailed Check,Fiber Optic,0
21,16,69.65,1127.57,2,5,Month-to-Month,Mailed Check,Fiber Optic,1
23,42,63.69,2689.69,1,0,One Year,Mailed Check,DSL,0
62,66,92.95,6122.98,2,3,Two Year,Credit Card,No,1
49,55,96.55,5271.06,4,2,Month-to-Month,Mailed Check,No,0
69,42,35.89,1472.85,2,1,Month-to-Month,Credit Card,Fiber Optic,0
47,34,81.02,2708.87,1,1,Month-to-Month,Mailed Check,No,1
64,30,33.54,964.61,3,1,Two Year,Credit Card,DSL,0
52,13,95.14,1233.46,3,2,One Year,Credit Card,Fiber Optic,0
57,13,85.7,1078.31,2,3,One Year,Bank Transfer,Fiber Optic,1
69,18,115.66,2115.98,1,2,Month-to-Month,Electronic Check,DSL,1
33,32,26.9,935.16,3,3,Month-to-Month,Credit Card,No,1
30,39,25.71,973.69,2,3,Two Year,Mailed Check,Fiber Optic,0
67,46,48.22,2230.09,2,1,Month-to-Month,Bank Transfer,Fiber Optic,1
59,29,46.17,1363.91,1,2,One Year,Mailed Check,DSL,0
47,62,44.7,2795.0,4,2,Two Year,Mailed Check,DSL,0
36,62,110.63,6862.86,2,2,Month-to-Month,Credit Card,DSL,1
34,57,44.95,2599.28,4,4,One Year,Credit Card,Fiber Optic,0
36,16,47.19,779.15,4,1,Month-to-Month,Electronic Check,Fiber Optic,0
45,56,95.94,5310.76,3,0,One Year,Credit Card,DSL,0
43,10,64.97,693.16,4,1,Month-to-Month,Credit Card,Fiber Optic,1
54,30,97.67,2974.46,1,2,One Year,Electronic Check,Fiber Optic,1
43,25,26.54,625.34,3,0,Month-to-Month,Mailed Check,Fiber Optic,0
40,5,68.76,345.7,3,1,Month-to-Month,Electronic Check,Fiber Optic,1
26,65,23.36,1552.57,3,0,One Year,Electronic Check,No,0
29,49,26.27,1276.76,2,2,Month-to-Month,Electronic Check,Fiber Optic,0
18,3,110.64,385.57,2,2,One Year,Bank Transfer,Fiber Optic,1
18,45,33.92,1644.59,4,3,Month-to-Month,Mailed Check,DSL,0
64,14,73.24,986.06,3,0,One Year,Bank Transfer,DSL,0
51,30,61.11,1764.25,3,5,Month-to-Month,Bank Transfer,DSL,1
49,68,54.73,3736.83,1,5,One Year,Credit Card,Fiber Optic,0
65,18,109.98,2015.72,4,1,Month-to-Month,Electronic Check,DSL,1
42,62,22.18,1363.62,1,4,Month-to-Month,Electronic Check,DSL,0
57,37,86.38,3268.72,4,2,Month-to-Month,Bank Transfer,Fiber Optic,1
62,25,116.34,2841.57,4,3,One Year,Credit Card,DSL,1
18,48,76.02,3683.61,2,2,Month-to-Month,Credit Card,DSL,0
33,65,113.68,7358.91,2,3,Two Year,Credit Card,DSL,1
56,53,25.23,1423.16,1,2,Two Year,Mailed Check,Fiber Optic,0
22,15,61.88,1027.83,4,2,Month-to-Month,Bank Transfer,DSL,0
39,49,46.02,2216.65,3,2,One Year,Mailed Check,Fiber Optic,0
46,68,93.08,6301.96,2,2,Month-to-Month,Credit Card,Fiber Optic,0
20,12,118.13,1460.54,3,0,Month-to-Month,Credit Card,Fiber Optic,1
29,59,45.65,2673.99,1,4,One Year,Credit Card,Fiber Optic,0
43,37,85.42,3158.27,2,4,One Year,Electronic Check,No,0
33,61,39.81,2429.68,2,1,One Year,Bank Transfer,DSL,0
68,43,76.53,3194.81,4,3,Month-to-Month,Electronic Check,DSL,1
54,70,66.39,4646.61,1,0,Month-to-Month,Mailed Check,DSL,0
39,39,117.2,4536.31,4,2,Month-to-Month,Electronic Check,DSL,1
46,56,80.85,4502.94,2,0,One Year,Bank Transfer,DSL,0
31,63,54.95,3534.03,1,3,One Year,Electronic Check,DSL,0
45,46,31.41,1382.03,2,2,One Year,Credit Card,Fiber Optic,0
22,11,35.12,426.98,1,1,Month-to-Month,Mailed Check,Fiber Optic,0
64,62,42.53,2622.91,2,0,Month-to-Month,Mailed Check,DSL,0
66,25,45.1,1113.51,3,0,Month-to-Month,Credit Card,Fiber Optic,0
47,71,105.06,7498.78,3,4,Month-to-Month,Credit Card,DSL,1
63,52,76.12,3975.24,4,2,Month-to-Month,Credit Card,DSL,1
69,4,72.34,317.89,3,2,Two Year,Bank Transfer,Fiber Optic,0
22,59,31.48,1905.73,2,3,Two Year,Electronic Check,DSL,1
29,20,106.01,2103.63,2,5,One Year,Mailed Check,DSL,1
33,63,92.28,5783.03,3,3,Month-to-Month,Electronic Check,Fiber Optic,1
43,54,26.77,1391.32,4,0,Month-to-Month,Credit Card,No,0
43,57,90.78,5133.19,3,0,Two Year,Credit Card,Fiber Optic,0
65,41,74.35,3195.8,1,2,Month-to-Month,Electronic Check,DSL,1
38,3,28.17,146.74,1,2,Two Year,Mailed Check,No,1
56,6,65.83,327.43,1,2,Month-to-Month,Bank Transfer,Fiber Optic,1
53,5,68.47,276.23,3,3,Month-to-Month,Electronic Check,Fiber Optic,1
50,5,36.58,206.99,3,0,Two Year,Credit Card,No,0
47,54,114.57,6214.14,3,0,Month-to-Month,Credit Card,Fiber Optic,0
54,47,105.0,4962.44,1,3,One Year,Bank Transfer,DSL,1
40,49,86.9,4245.35,4,2,One Year,Electronic Check,Fiber Optic,0
27,9,66.23,589.8,2,3,Month-to-Month,Bank Transfer,Fiber Optic,1
22,20,61.18,1239.99,3,1,Month-to-Month,Bank Transfer,Fiber Optic,1
53,61,85.1,5195.39,4,3,One Year,Mailed Check,Fiber Optic,0
51,35,74.54,2497.93,2,3,One Year,Mailed Check,No,1
69,50,26.23,1300.01,2,1,Month-to-Month,Credit Card,No,0
48,62,71.25,4374.93,2,3,Two Year,Electronic Check,No,0
27,17,100.64,1719.64,4,4,Month-to-Month,Mailed Check,No,1
36,3,65.92,347.02,4,2,Month-to-Month,Credit Card,No,1
49,32,25.2,824.77,1,1,Month-to-Month,Electronic Check,DSL,0
18,13,98.63,1266.51,4,4,Month-to-Month,Credit Card,DSL,1
22,68,40.14,2775.61,4,1,Month-to-Month,Mailed Check,Fiber Optic,0
62,14,45.86,666.17,4,1,Two Year,Credit Card,No,0
21,11,36.47,422.17,2,3,Month-to-Month,Electronic Check,Fiber Optic,1
33,56,53.02,2999.46,3,1,Month-to-Month,Electronic Check,Fiber Optic,0
41,67,95.68,6513.39,1,4,Month-to-Month,Credit Card,DSL,1
33,29,71.94,2029.72,3,3,One Year,Electronic Check,DSL,1
19,9,40.49,388.09,3,0,Two Year,Credit Card,Fiber Optic,0
66,67,107.78,7174.94,4,2,Month-to-Month,Electronic Check,DSL,0
45,25,107.96,2726.78,1,3,Month-to-Month,Credit Card,DSL,1
49,42,107.06,4450.59,3,2,Month-to-Month,Credit Card,DSL,1
44,9,43.88,374.05,3,1,Month-to-Month,Credit Card,DSL,1
37,40,65.12,2590.05,1,4,Month-to-Month,Bank Transfer,Fiber Optic,0
41,25,118.5,3011.29,4,1,Month-to-Month,Electronic Check,DSL,0
29,5,97.2,531.92,3,1,Month-to-Month,Mailed Check,Fiber Optic,1
67,11,22.72,187.63,2,0,One Year,Credit Card,DSL,0
52,59,26.52,1567.43,3,3,Month-to-Month,Bank Transfer,No,0
50,38,66.39,2487.34,2,0,Two Year,Mailed Check,DSL,0
50,5,110.92,491.67,4,2,Two Year,Credit Card,Fiber Optic,0
68,48,73.87,3534.91,3,1,One Year,Mailed Check,Fiber Optic,1
60,18,69.78,1240.62,1,1,Month-to-Month,Bank Transfer,DSL,1
54,70,30.55,2259.84,1,2,Month-to-Month,Mailed Check,No,0
29,37,85.68,3191.81,3,4,Month-to-Month,Credit Card,Fiber Optic,1
20,60,102.21,6063.72,4,4,One Year,Mailed Check,Fiber Optic,0
18,48,58.04,2757.68,4,3,Month-to-Month,Mailed Check,DSL,1
50,28,97.56,2782.75,1,4,Two Year,Credit Card,No,1
57,69,116.45,8139.47,3,1,Two Year,Bank Transfer,Fiber Optic,0
27,40,40.38,1535.9,4,2,Month-to-Month,Bank Transfer,DSL,1
60,45,72.33,3160.85,1,1,One Year,Mailed Check,DSL,0
61,62,48.71,3113.57,2,1,Month-to-Month,Electronic Check,No,1
46,58,99.29,5778.3,3,4,Month-to-Month,Mailed Check,Fiber Optic,1
30,67,77.76,5166.51,2,2,Month-to-Month,Electronic Check,Fiber Optic,1
29,56,83.46,4700.49,2,0,Month-to-Month,Mailed Check,Fiber Optic,1
48,40,99.79,3859.81,4,3,Two Year,Bank Transfer,Fiber Optic,1
63,40,59.6,2384.17,4,1,Month-to-Month,Mailed Check,DSL,0
19,33,111.51,3696.22,4,2,Month-to-Month,Mailed Check,DSL,0
68,6,73.3,486.01,3,2,One Year,Electronic Check,Fiber Optic,0
67,19,35.8,629.51,2,0,One Year,Bank Transfer,No,0
52,40,89.59,3587.88,3,2,Month-to-Month,Electronic Check,DSL,1
40,59,99.33,5814.2,4,5,Two Year,Mailed Check,Fiber Optic,1
34,59,51.68,3061.89,2,2,One Year,Credit Card,Fiber Optic,0
43,48,105.72,5029.79,3,3,Month-to-Month,Mailed Check,Fiber Optic,0
25,41,110.61,4514.6,3,0,Month-to-Month,Mailed Check,No,0
46,13,47.69,570.18,1,2,Month-to-Month,Electronic Check,Fiber Optic,1
43,45,118.35,5358.31,3,1,Two Year,Credit Card,DSL,0
27,53,34.07,1848.63,4,3,One Year,Credit Card,No,0
43,42,40.2,1676.67,3,2,Two Year,Electronic Check,Fiber Optic,0
51,63,38.42,2422.37,2,1,Month-to-Month,Bank Transfer,No,1
68,27,109.4,2881.37,3,2,Month-to-Month,Credit Card,Fiber Optic,1
58,38,85.43,3231.36,1,1,Month-to-Month,Credit Card,No,1
24,60,35.21,2110.09,2,2,Month-to-Month,Electronic Check,DSL,0
21,7,64.03,579.25,2,5,One Year,Bank Transfer,DSL,1
67,5,81.53,352.05,1,3,One Year,Bank Transfer,No,1
62,45,28.35,1348.96,4,4,Month-to-Month,Mailed Check,DSL,0
28,58,108.24,6327.76,2,2,Month-to-Month,Mailed Check,DSL,1
46,31,100.36,3125.19,4,2,Month-to-Month,Electronic Check,Fiber Optic,1
53,23,70.52,1709.89,2,0,Month-to-Month,Bank Transfer,No,0
42,42,116.71,4920.43,2,2,Month-to-Month,Electronic Check,DSL,1
38,10,61.78,637.26,4,1,Month-to-Month,Mailed Check,No,0
53,32,118.41,3786.46,2,1,Month-to-Month,Electronic Check,Fiber Optic,1
27,53,86.79,4661.05,4,2,Month-to-Month,Electronic Check,Fiber Optic,1
54,30,83.47,2558.92,1,3,Month-to-Month,Credit Card,No,1
26,39,36.6,1396.12,4,1,Month-to-Month,Credit Card,Fiber Optic,0
41,31,108.19,3287.93,1,2,One Year,Credit Card,DSL,1
52,2,62.75,115.35,2,1,Month-to-Month,Mailed Check,DSL,1
66,12,36.22,394.64,4,2,Two Year,Electronic Check,Fiber Optic,0
52,39,21.26,825.96,2,1,Month-to-Month,Credit Card,Fiber Optic,0
65,66,75.98,5076.55,4,1,Month-to-Month,Credit Card,No,0
53,13,72.74,922.75,1,3,Month-to-Month,Credit Card,Fiber Optic,1
35,46,91.94,4227.1,1,3,Month-to-Month,Mailed Check,Fiber Optic,1
66,27,109.03,2946.71,4,1,Two Year,Mailed Check,Fiber Optic,1
56,17,27.94,517.4,1,0,Month-to-Month,Electronic Check,DSL,0
49,60,93.15,5476.66,2,3,Two Year,Electronic Check,DSL,1
41,64,38.74,2449.02,2,3,Two Year,Electronic Check,No,0
40,35,105.82,3714.26,3,3,One Year,Credit Card,DSL,1
49,70,101.91,7193.7,1,0,One Year,Bank Transfer,DSL,0
54,30,74.08,2197.8,2,0,One Year,Mailed Check,Fiber Optic,1
29,71,91.02,6368.59,4,0,Month-to-Month,Credit Card,Fiber Optic,0
66,63,51.44,3271.71,1,4,One Year,Credit Card,No,0
30,28,67.12,1847.59,2,1,Month-to-Month,Electronic Check,DSL,1
40,60,102.16,6070.12,1,3,Month-to-Month,Electronic Check,DSL,1
42,37,65.93,2408.19,4,0,Month-to-Month,Credit Card,DSL,0
52,22,55.78,1217.93,2,0,One Year,Mailed Check,Fiber Optic,0
58,68,69.42,4690.32,3,4,Two Year,Mailed Check,DSL,0
47,20,102.82,1946.12,3,1,Month-to-Month,Credit Card,Fiber Optic,1
34,68,53.52,3684.21,1,2,Two Year,Bank Transfer,No,0
66,64,37.38,2456.06,4,4,Month-to-Month,Bank Transfer,No,0
37,17,91.2,1582.98,2,1,Month-to-Month,Mailed Check,DSL,1
65,12,102.6,1174.32,4,0,Month-to-Month,Electronic Check,Fiber Optic,1
42,22,30.06,651.25,2,1,Month-to-Month,Bank Transfer,Fiber Optic,1
39,17,43.99,747.5,1,2,Month-to-Month,Bank Transfer,No,1
30,10,34.2,371.94,2,1,One Year,Electronic Check,No,0
36,65,54.79,3594.77,4,1,Two Year,Bank Transfer,DSL,0
66,22,65.04,1394.17,4,1,Month-to-Month,Credit Card,Fiber Optic,0
53,50,94.88,4748.1,1,3,Month-to-Month,Bank Transfer,DSL,1
29,14,85.11,1214.4,4,1,Two Year,Electronic Check,DSL,0
58,64,82.09,5326.55,2,1,One Year,Credit Card,DSL,0
36,47,55.24,2631.51,1,3,Month-to-Month,Bank Transfer,Fiber Optic,1
29,29,104.14,3059.51,2,1,Month-to-Month,Mailed Check,Fiber Optic,1
26,36,67.13,2420.87,4,2,Two Year,Credit Card,DSL,0
24,52,117.91,6201.84,1,0,One Year,Credit Card,Fiber Optic,1
45,7,83.41,604.36,2,1,Month-to-Month,Mailed Check,DSL,1
31,29,32.63,903.22,4,3,Month-to-Month,Mailed Check,Fiber Optic,0
48,11,87.62,1033.99,4,1,Two Year,Bank Transfer,DSL,1
69,33,52.51,1767.73,3,4,Month-to-Month,Bank Transfer,DSL,1
36,6,88.63,509.63,4,2,Two Year,Electronic Check,Fiber Optic,1
64,32,26.96,838.75,2,0,Month-to-Month,Electronic Check,DSL,1
33,51,37.49,1926.82,1,4,One Year,Credit Card,Fiber Optic,0
22,58,105.57,6146.22,3,2,Month-to-Month,Mailed Check,DSL,1
52,26,42.72,1120.58,4,1,Month-to-Month,Mailed Check,Fiber Optic,0
29,46,103.7,4785.77,4,1,Two Year,Electronic Check,DSL,0
42,29,47.93,1474.97,4,2,Month-to-Month,Credit Card,Fiber Optic,1
69,4,84.29,390.74,2,1,One Year,Credit Card,Fiber Optic,1
38,13,89.42,1171.99,3,2,Month-to-Month,Electronic Check,DSL,1
53,39,71.27,2826.6,2,2,Month-to-Month,Electronic Check,Fiber Optic,0
40,15,50.53,706.32,3,1,Month-to-Month,Electronic Check,DSL,1
33,29,41.26,1216.44,1,1,One Year,Bank Transfer,Fiber Optic,0
56,29,23.32,766.75,2,5,Month-to-Month,Credit Card,DSL,1
62,32,50.39,1601.58,2,1,Month-to-Month,Credit Card,Fiber Optic,1
59,2,85.32,128.26,1,6,Month-to-Month,Credit Card,Fiber Optic,1
56,47,113.83,5317.41,3,4,One Year,Electronic Check,No,1
31,22,107.12,2302.16,4,2,One Year,Electronic Check,Fiber Optic,1
48,27,96.61,2569.23,1,1,Month-to-Month,Electronic Check,Fiber Optic,1
22,67,98.84,6603.75,4,1,Month-to-Month,Electronic Check,Fiber Optic,0
52,56,86.5,4773.72,4,3,Two Year,Mailed Check,No,0
40,21,46.03,967.41,1,2,Month-to-Month,Electronic Check,Fiber Optic,0
46,47,110.72,5248.95,3,1,Two Year,Bank Transfer,DSL,0
60,59,87.07,5091.74,4,4,Two Year,Mailed Check,No,0
28,6,76.04,532.2,1,2,One Year,Mailed Check,Fiber Optic,1
35,19,31.1,616.44,2,1,Month-to-Month,Electronic Check,No,1
64,57,64.71,3740.0,2,3,Two Year,Credit Card,No,0
29,69,66.04,4523.87,2,2,One Year,Electronic Check,DSL,0
26,3,106.46,362.11,1,4,One Year,Credit Card,Fiber Optic,1
27,1,74.66,20.06,2,4,Month-to-Month,Electronic Check,DSL,1
61,58,58.04,3410.83,4,1,Month-to-Month,Electronic Check,DSL,0
34,38,117.68,4480.43,2,4,Month-to-Month,Credit Card,DSL,1
55,15,31.07,493.71,2,0,One Year,Credit Card,Fiber Optic,0
24,34,62.25,2057.72,4,3,One Year,Credit Card,DSL,0
63,61,24.2,1431.45,2,3,Month-to-Month,Credit Card,DSL,0
30,35,93.99,3319.51,4,2,Month-to-Month,Bank Transfer,Fiber Optic,0
57,64,111.81,7108.42,2,3,Month-to-Month,Credit Card,DSL,1
59,25,48.0,1223.16,4,1,One Year,Electronic Check,DSL,0
26,24,105.83,2471.56,2,4,Two Year,Electronic Check,DSL,1
67,12,49.22,633.05,4,3,Month-to-Month,Bank Transfer,DSL,0
44,18,111.08,1937.81,1,0,Month-to-Month,Credit Card,Fiber Optic,1
19,15,95.4,1458.61,4,2,Month-to-Month,Electronic Check,DSL,1
22,27,100.49,2744.51,2,1,One Year,Bank Transfer,No,1
46,60,21.8,1273.16,2,0,One Year,Electronic Check,Fiber Optic,0
54,46,116.28,5377.98,3,3,Two Year,Bank Transfer,DSL,0
55,17,92.67,1588.41,4,1,Month-to-Month,Bank Transfer,DSL,1
36,53,50.48,2648.5,1,1,Two Year,Mailed Check,Fiber Optic,0
25,8,102.94,773.09,4,1,Month-to-Month,Mailed Check,Fiber Optic,1
65,27,48.15,1201.92,4,4,One Year,Credit Card,DSL,0
62,46,107.28,4952.36,1,3,Month-to-Month,Mailed Check,DSL,1
18,50,31.26,1484.76,4,0,Two Year,Bank Transfer,No,0
39,71,90.37,6421.04,1,1,One Year,Electronic Check,DSL,0
69,3,74.07,209.04,1,4,One Year,Electronic Check,DSL,1
34,64,29.65,1931.56,4,2,Two Year,Credit Card,No,0
24,44,44.19,1929.26,4,1,Month-to-Month,Mailed Check,Fiber Optic,0
42,53,21.24,1109.25,2,2,Month-to-Month,Credit Card,DSL,0
62,24,66.88,1641.71,2,1,Two Year,Bank Transfer,Fiber Optic,1
21,60,50.13,3024.55,3,3,Month-to-Month,Mailed Check,DSL,0
53,3,79.84,255.33,3,3,Month-to-Month,Credit Card,Fiber Optic,0
23,20,49.72,1017.86,4,6,Month-to-Month,Electronic Check,Fiber Optic,1
48,46,49.99,2222.76,1,1,One Year,Electronic Check,No,0
36,15,94.32,1452.64,3,3,Month-to-Month,Credit Card,No,1
61,25,24.81,650.87,4,1,Month-to-Month,Credit Card,No,0
56,71,110.29,7779.76,3,4,Month-to-Month,Credit Card,No,1
44,17,105.23,1776.71,1,2,Month-to-Month,Bank Transfer,Fiber Optic,1
27,9,86.78,779.05,4,3,Two Year,Bank Transfer,DSL,0
43,38,79.32,3007.44,1,1,Two Year,Electronic Check,Fiber Optic,0
36,48,109.23,5259.73,4,2,One Year,Bank Transfer,Fiber Optic,0
56,60,38.53,2383.37,3,2,Month-to-Month,Bank Transfer,No,0
20,63,27.9,1811.79,2,2,Two Year,Mailed Check,DSL,0
62,2,43.95,22.29,3,1,One Year,Bank Transfer,No,1
30,11,99.46,1125.16,3,4,Month-to-Month,Mailed Check,No,1
67,64,23.47,1568.53,2,1,Two Year,Bank Transfer,No,0
45,21,78.28,1663.22,2,1,One Year,Electronic Check,No,1
37,18,119.54,2206.27,4,2,One Year,Credit Card,DSL,0
45,64,105.57,6857.09,4,2,One Year,Electronic Check,DSL,0
25,38,72.14,2792.51,1,5,Month-to-Month,Bank Transfer,DSL,1
58,32,26.36,855.99,1,0,Month-to-Month,Credit Card,DSL,1
56,11,103.14,1186.79,3,0,One Year,Credit Card,Fiber Optic,0
18,45,79.9,3602.74,2,2,Month-to-Month,Credit Card,No,1
20,33,31.49,1040.37,1,1,Month-to-Month,Mailed Check,No,0
30,41,29.39,1187.42,3,4,One Year,Electronic Check,Fiber Optic,0
45,8,110.96,965.85,2,4,One Year,Mailed Check,DSL,1
66,11,86.92,915.2,4,2,Month-to-Month,Credit Card,DSL,0
42,51,102.93,5326.05,3,1,One Year,Electronic Check,DSL,0
50,41,107.9,4448.89,4,1,Two Year,Electronic Check,DSL,0
55,17,77.18,1242.09,1,4,One Year,Bank Transfer,Fiber Optic,1
23,46,71.74,3318.42,1,1,Month-to-Month,Mailed Check,DSL,0
61,32,63.04,1912.28,2,8,Month-to-Month,Mailed Check,DSL,1
62,54,51.69,2822.54,3,0,Month-to-Month,Bank Transfer,DSL,0
49,20,63.46,1313.46,4,1,Month-to-Month,Mailed Check,Fiber Optic,1
62,33,97.39,3184.25,2,3,Month-to-Month,Credit Card,Fiber Optic,1
64,40,80.19,3213.78,1,1,Month-to-Month,Credit Card,Fiber Optic,1
38,32,109.25,3593.71,1,3,Month-to-Month,Mailed Check,Fiber Optic,1
33,2,64.34,103.39,3,2,Two Year,Bank Transfer,No,0
38,33,80.71,2610.48,4,2,Month-to-Month,Electronic Check,DSL,0
28,30,83.13,2567.98,3,1,One Year,Mailed Check,Fiber Optic,0
54,33,79.17,2710.74,4,2,One Year,Electronic Check,Fiber Optic,0
53,26,90.26,2346.94,4,0,Month-to-Month,Bank Transfer,Fiber Optic,0
52,22,43.74,1012.85,3,1,Two Year,Electronic Check,No,0
36,66,71.24,4768.91,2,0,One Year,Bank Transfer,DSL,0
37,38,30.42,1118.84,3,5,Month-to-Month,Bank Transfer,Fiber Optic,0
35,46,58.45,2664.43,3,4,One Year,Credit Card,DSL,1
64,15,68.77,1093.09,1,3,Month-to-Month,Credit Card,Fiber Optic,1
58,44,85.22,3833.93,1,1,One Year,Bank Transfer,DSL,0
66,49,115.05,5665.59,3,2,Month-to-Month,Mailed Check,DSL,1
31,61,80.07,4840.28,3,1,Two Year,Credit Card,Fiber Optic,0
32,67,94.36,6421.47,1,4,Month-to-Month,Bank Transfer,Fiber Optic,1
48,6,70.63,397.23,4,1,One Year,Electronic Check,DSL,0
18,9,83.41,733.93,3,0,Month-to-Month,Electronic Check,Fiber Optic,1
20,6,27.09,179.66,2,3,One Year,Mailed Check,Fiber Optic,1
33,32,45.44,1531.79,2,1,One Year,Electronic Check,DSL,0
40,41,56.19,2346.49,2,3,Month-to-Month,Electronic Check,Fiber Optic,1
28,8,67.25,558.74,3,0,One Year,Bank Transfer,Fiber Optic,0
29,50,24.56,1251.16,4,2,Month-to-Month,Electronic Check,Fiber Optic,0
27,62,34.0,2110.18,4,2,Two Year,Electronic Check,DSL,0
49,62,47.68,2984.07,1,1,Month-to-Month,Electronic Check,DSL,1
33,7,117.15,693.57,3,3,Two Year,Electronic Check,Fiber Optic,1
25,4,53.13,197.69,4,3,Two Year,Bank Transfer,No,0
55,6,68.2,421.27,3,1,Month-to-Month,Electronic Check,Fiber Optic,1
29,58,39.61,2239.83,1,1,Month-to-Month,Mailed Check,DSL,0
41,22,81.08,1803.08,1,3,Month-to-Month,Credit Card,Fiber Optic,1
45,26,48.07,1239.6,1,1,Two Year,Mailed Check,No,0
25,3,40.7,209.87,2,0,Month-to-Month,Credit Card,DSL,1
45,41,71.66,3016.71,3,1,One Year,Mailed Check,No,1
53,60,20.55,1209.71,1,3,Two Year,Credit Card,No,0
43,14,20.77,283.24,3,4,Month-to-Month,Credit Card,DSL,0
25,12,41.91,499.22,2,2,One Year,Credit Card,No,0
67,12,23.67,261.46,2,0,Month-to-Month,Credit Card,DSL,1
45,13,30.8,410.15,1,2,Month-to-Month,Bank Transfer,No,0
45,25,53.89,1309.34,1,1,One Year,Mailed Check,Fiber Optic,1
54,45,100.26,4455.17,4,3,Month-to-Month,Credit Card,Fiber Optic,1
58,19,77.2,1497.94,3,2,Month-to-Month,Mailed Check,Fiber Optic,1
53,55,71.27,3951.33,1,2,Two Year,Electronic Check,Fiber Optic,1
44,45,49.35,2180.53,4,2,Month-to-Month,Credit Card,DSL,0
34,8,113.18,950.21,3,0,Two Year,Mailed Check,Fiber Optic,1
26,53,59.7,3132.52,1,3,Two Year,Bank Transfer,DSL,0
50,55,28.71,1591.71,4,2,Month-to-Month,Mailed Check,DSL,0
37,32,81.71,2655.74,4,0,Month-to-Month,Credit Card,DSL,1
30,51,31.38,1598.7,3,2,One Year,Electronic Check,Fiber Optic,0
45,44,54.52,2421.62,4,2,Month-to-Month,Mailed Check,DSL,0
65,70,70.74,4925.98,3,2,Month-to-Month,Electronic Check,DSL,1
46,18,107.42,1923.74,3,2,One Year,Bank Transfer,DSL,1
30,22,69.35,1515.41,3,3,Month-to-Month,Mailed Check,DSL,1
63,37,90.23,3301.18,2,1,Two Year,Mailed Check,Fiber Optic,0
52,56,119.28,6670.84,4,2,Month-to-Month,Bank Transfer,No,0
23,59,33.15,1878.42,3,2,Month-to-Month,Bank Transfer,DSL,0
35,3,47.47,117.85,1,3,Month-to-Month,Bank Transfer,No,1
68,28,59.46,1650.64,2,2,Two Year,Credit Card,Fiber Optic,0
22,35,62.18,2163.49,2,4,One Year,Credit Card,Fiber Optic,0
64,61,61.1,3715.03,4,2,Two Year,Mailed Check,Fiber Optic,0
42,54,110.76,5977.95,3,1,Month-to-Month,Mailed Check,No,1
19,63,91.4,5782.17,4,1,Month-to-Month,Mailed Check,DSL,0
27,7,80.79,609.26,2,0,Month-to-Month,Electronic Check,Fiber Optic,1
47,49,50.94,2463.57,3,2,Month-to-Month,Bank Transfer,Fiber Optic,0
67,31,102.38,3113.62,1,4,One Year,Mailed Check,Fiber Optic,1
62,58,115.51,6647.48,3,1,One Year,Bank Transfer,No,1
22,61,102.12,6204.96,2,0,Month-to-Month,Credit Card,DSL,0
50,24,20.16,466.24,1,2,Two Year,Bank Transfer,Fiber Optic,0
18,20,83.64,1634.3,3,0,Month-to-Month,Electronic Check,Fiber Optic,1
35,37,25.11,864.26,1,0,Two Year,Electronic Check,DSL,0
49,4,45.76,160.23,1,3,Month-to-Month,Bank Transfer,DSL,1
64,20,25.95,528.07,2,2,Month-to-Month,Electronic Check,Fiber Optic,1
66,60,80.38,4852.55,1,3,Month-to-Month,Electronic Check,No,0
28,24,88.66,2099.97,4,1,Month-to-Month,Credit Card,Fiber Optic,1
38,50,31.45,1551.85,2,1,One Year,Mailed Check,No,0
43,49,58.38,2814.29,4,2,Month-to-Month,Electronic Check,Fiber Optic,0
42,51,65.62,3345.05,1,4,Month-to-Month,Mailed Check,DSL,1
39,36,56.91,2006.34,4,3,One Year,Bank Transfer,DSL,0
44,66,32.1,2147.26,3,1,One Year,Bank Transfer,DSL,0
66,34,61.89,2014.97,1,4,Two Year,Electronic Check,DSL,1
30,36,95.12,3406.34,3,1,Month-to-Month,Bank Transfer,DSL,0
50,6,27.1,177.66,4,3,One Year,Credit Card,Fiber Optic,0
51,39,28.02,1101.97,3,1,One Year,Electronic Check,Fiber Optic,0
58,42,55.48,2464.81,1,1,Month-to-Month,Electronic Check,DSL,0
52,58,114.17,6639.35,3,2,Month-to-Month,Electronic Check,DSL,1
18,12,86.86,992.12,4,3,Month-to-Month,Bank Transfer,DSL,0
38,3,87.87,258.84,4,1,Month-to-Month,Bank Transfer,Fiber Optic,1
65,18,56.19,922.61,4,3,Month-to-Month,Electronic Check,DSL,1
23,40,79.37,3170.77,1,2,Month-to-Month,Mailed Check,DSL,1
45,21,21.01,399.56,4,2,One Year,Bank Transfer,No,0
34,15,83.61,1299.92,1,2,One Year,Bank Transfer,No,1
22,26,111.33,2867.1,3,0,Two Year,Electronic Check,DSL,0
48,8,81.26,644.24,4,5,One Year,Mailed Check,Fiber Optic,1
22,42,107.37,4477.76,3,2,Month-to-Month,Electronic Check,DSL,1
55,44,92.4,4152.54,2,2,Two Year,Bank Transfer,Fiber Optic,0
20,14,32.06,432.78,3,0,Two Year,Electronic Check,Fiber Optic,0
40,2,110.25,312.13,2,4,Month-to-Month,Electronic Check,DSL,1
54,37,26.64,1026.39,3,1,One Year,Electronic Check,Fiber Optic,0
54,69,73.4,5088.7,1,1,Two Year,Mailed Check,DSL,0
27,38,34.21,1318.42,3,5,One Year,Electronic Check,DSL,0
27,41,21.17,887.66,1,0,Two Year,Bank Transfer,DSL,0
36,62,62.2,3760.02,1,2,Month-to-Month,Electronic Check,Fiber Optic,0
34,60,49.5,2956.06,4,1,Month-to-Month,Mailed Check,DSL,0
38,14,68.6,1002.66,1,3,Month-to-Month,Credit Card,DSL,1
31,2,77.72,153.0,2,2,One Year,Mailed Check,DSL,1
26,70,24.37,1635.64,4,5,Two Year,Electronic Check,DSL,0
63,17,32.3,546.48,4,3,Two Year,Credit Card,Fiber Optic,0
18,28,75.86,2209.29,3,2,Month-to-Month,Electronic Check,DSL,1
68,66,54.32,3647.46,1,2,Month-to-Month,Mailed Check,DSL,1
62,35,92.92,3249.1,1,1,Two Year,Credit Card,Fiber Optic,1
30,5,85.23,473.72,2,0,One Year,Credit Card,Fiber Optic,0
21,65,104.56,6778.07,3,1,Month-to-Month,Electronic Check,No,0
18,40,89.25,3484.81,3,3,Month-to-Month,Electronic Check,Fiber Optic,1
66,56,62.99,3481.22,4,1,One Year,Mailed Check,DSL,0
57,36,87.3,3220.94,4,1,One Year,Electronic Check,Fiber Optic,0
49,45,47.54,2125.6,4,0,Month-to-Month,Credit Card,Fiber Optic,1
51,23,50.63,1152.32,2,2,Month-to-Month,Bank Transfer,DSL,0
45,47,98.9,4633.31,2,3,Two Year,Bank Transfer,No,1
48,31,64.64,2099.05,4,4,One Year,Mailed Check,DSL,1
25,11,99.84,1179.54,3,2,Month-to-Month,Electronic Check,No,1
56,10,102.24,1133.34,2,3,Month-to-Month,Mailed Check,No,1
43,67,105.76,7077.97,3,3,One Year,Bank Transfer,Fiber Optic,0
51,14,111.66,1578.02,3,2,Month-to-Month,Bank Transfer,No,1
20,10,63.1,555.17,1,3,Month-to-Month,Electronic Check,Fiber Optic,0
67,1,51.89,125.74,4,0,One Year,Credit Card,DSL,0
29,5,78.22,332.71,1,2,Month-to-Month,Electronic Check,Fiber Optic,1
18,20,57.12,1153.24,4,2,One Year,Bank Transfer,DSL,0
61,8,80.11,586.01,4,4,Month-to-Month,Credit Card,DSL,1
22,43,90.56,3864.64,3,2,One Year,Mailed Check,Fiber Optic,0
47,1,88.84,46.98,4,2,Month-to-Month,Bank Transfer,DSL,1
47,57,57.46,3244.83,3,2,Month-to-Month,Mailed Check,DSL,0
34,64,36.69,2321.2,3,2,Month-to-Month,Credit Card,Fiber Optic,1
65,28,63.05,1737.99,4,1,Two Year,Mailed Check,No,0
64,37,34.26,1309.29,3,2,Two Year,Bank Transfer,DSL,0
40,47,109.01,5068.23,3,3,Month-to-Month,Electronic Check,DSL,1
32,37,54.59,2030.86,3,1,One Year,Mailed Check,DSL,0
54,49,35.45,1797.95,2,3,One Year,Bank Transfer,Fiber Optic,0
38,44,22.54,966.1,3,3,Two Year,Bank Transfer,DSL,0
31,56,84.58,4700.58,2,1,Month-to-Month,Credit Card,Fiber Optic,0
19,28,83.69,2331.79,2,1,One Year,Bank Transfer,DSL,0
28,6,54.06,383.35,3,4,Month-to-Month,Electronic Check,DSL,1
68,61,27.17,1667.08,3,2,Month-to-Month,Electronic Check,No,0
56,20,60.96,1192.64,2,1,Two Year,Mailed Check,DSL,1
55,2,51.12,126.43,2,1,One Year,Mailed Check,Fiber Optic,1
51,37,87.71,3190.16,3,0,Month-to-Month,Mailed Check,DSL,1
55,20,80.58,1645.67,3,2,Month-to-Month,Mailed Check,Fiber Optic,1
67,26,56.46,1488.39,4,3,One Year,Electronic Check,Fiber Optic,0
51,29,41.79,1196.52,2,2,One Year,Credit Card,DSL,0
35,1,118.8,76.87,2,1,Month-to-Month,Mailed Check,DSL,1
47,35,65.4,2244.67,4,1,Two Year,Credit Card,DSL,0
32,70,88.83,6244.84,2,4,Month-to-Month,Bank Transfer,Fiber Optic,0
44,59,34.06,2070.99,1,1,Month-to-Month,Bank Transfer,Fiber Optic,0
68,69,68.56,4698.77,2,1,Two Year,Mailed Check,Fiber Optic,1
51,33,22.75,773.67,4,3,Month-to-Month,Bank Transfer,Fiber Optic,0
69,51,70.55,3493.7,1,1,Month-to-Month,Credit Card,DSL,1
55,12,116.4,1367.57,3,1,One Year,Credit Card,DSL,0
50,20,58.42,1166.85,4,3,Two Year,Bank Transfer,DSL,0
41,53,23.9,1221.22,4,2,Month-to-Month,Mailed Check,DSL,0
32,43,23.1,946.47,3,2,Two Year,Credit Card,DSL,0
47,50,58.8,2906.61,4,2,One Year,Credit Card,Fiber Optic,0
59,29,36.0,1058.61,2,2,Month-to-Month,Electronic Check,Fiber Optic,1
68,57,22.34,1264.01,3,3,One Year,Mailed Check,No,0
34,39,95.62,3617.27,4,3,Month-to-Month,Electronic Check,DSL,0
22,56,65.85,3581.56,3,5,Month-to-Month,Bank Transfer,Fiber Optic,1
46,43,48.92,2073.22,3,1,One Year,Bank Transfer,No,0
21,50,110.01,5523.38,3,3,Two Year,Electronic Check,Fiber Optic,1
27,23,31.61,589.65,1,1,Month-to-Month,Mailed Check,DSL,0
34,44,115.59,5060.97,4,0,Month-to-Month,Credit Card,DSL,1
27,38,51.4,1926.89,1,2,Month-to-Month,Bank Transfer,DSL,0
34,23,108.84,2572.74,4,3,Month-to-Month,Mailed Check,DSL,1
37,45,80.29,3593.8,2,1,Month-to-Month,Mailed Check,Fiber Optic,0
41,52,102.67,5357.99,2,4,Month-to-Month,Bank Transfer,DSL,1
22,50,118.4,5927.06,2,1,One Year,Bank Transfer,DSL,0
51,8,48.84,284.19,4,0,Month-to-Month,Mailed Check,Fiber Optic,0
23,1,116.11,154.52,3,2,Month-to-Month,Credit Card,Fiber Optic,1
19,8,58.95,482.37,3,0,Two Year,Electronic Check,Fiber Optic,0
30,29,58.55,1723.36,1,4,Two Year,Bank Transfer,Fiber Optic,1
60,5,54.04,466.51,1,1,Month-to-Month,Electronic Check,DSL,1
60,47,74.14,3380.37,2,2,Month-to-Month,Mailed Check,DSL,1
65,34,35.41,1290.17,1,1,One Year,Electronic Check,DSL,1
28,65,75.37,4884.68,4,1,Month-to-Month,Credit Card,Fiber Optic,0
68,55,74.17,4093.72,4,1,Month-to-Month,Mailed Check,No,1
64,43,96.19,4133.89,1,2,One Year,Credit Card,DSL,0
40,30,103.36,3079.59,1,1,Month-to-Month,Mailed Check,Fiber Optic,1
33,17,64.04,1060.19,1,2,Month-to-Month,Credit Card,DSL,1
48,26,50.23,1322.46,1,3,Month-to-Month,Mailed Check,Fiber Optic,1
28,8,45.93,291.58,2,4,Month-to-Month,Credit Card,DSL,1
33,47,39.46,1892.15,2,2,Month-to-Month,Mailed Check,DSL,0
25,46,25.76,1164.15,1,2,Two Year,Credit Card,No,1
21,68,54.24,3631.82,4,3,Month-to-Month,Mailed Check,Fiber Optic,0
57,33,47.02,1529.16,2,3,Month-to-Month,Credit Card,Fiber Optic,0
21,1,116.64,179.5,4,2,Month-to-Month,Bank Transfer,DSL,1
42,19,75.77,1412.86,3,3,Two Year,Electronic Check,DSL,1
20,31,54.73,1714.55,4,1,One Year,Mailed Check,DSL,0
49,14,78.05,1056.15,1,4,Month-to-Month,Credit Card,No,1
20,53,33.92,1835.66,3,0,Two Year,Bank Transfer,No,0
44,48,64.4,3125.48,2,5,Month-to-Month,Mailed Check,Fiber Optic,1
46,69,82.62,5793.21,2,2,Month-to-Month,Mailed Check,DSL,1
49,62,68.89,4262.4,3,1,Month-to-Month,Mailed Check,No,1
67,66,60.18,4005.31,4,1,Month-to-Month,Electronic Check,Fiber Optic,0
68,64,119.38,7645.22,2,1,Month-to-Month,Credit Card,Fiber Optic,1
36,70,108.03,7626.89,1,2,One Year,Credit Card,DSL,1
38,63,82.34,5151.48,3,1,Month-to-Month,Mailed Check,Fiber Optic,0
22,33,76.94,2576.27,1,4,One Year,Mailed Check,Fiber Optic,0
35,41,82.07,3355.14,3,3,Month-to-Month,Mailed Check,No,1
45,48,40.13,1923.03,2,0,Month-to-Month,Bank Transfer,Fiber Optic,1
59,13,59.51,778.22,4,2,Month-to-Month,Mailed Check,DSL,1
39,31,23.95,755.06,3,0,Two Year,Electronic Check,Fiber Optic,0
38,68,67.55,4587.59,3,0,Month-to-Month,Credit Card,No,0
23,4,74.3,307.94,1,2,One Year,Electronic Check,DSL,1
18,19,42.77,891.54,2,3,Month-to-Month,Mailed Check,DSL,1
22,70,116.4,8197.27,1,2,Month-to-Month,Bank Transfer,DSL,1
58,13,110.95,1485.81,2,2,Month-to-Month,Mailed Check,Fiber Optic,1
29,23,92.21,2098.05,1,1,Month-to-Month,Mailed Check,DSL,1
43,1,73.34,28.88,3,0,Month-to-Month,Mailed Check,Fiber Optic,1
63,54,107.0,5825.77,1,2,Month-to-Month,Mailed Check,DSL,1
51,71,33.07,2391.77,4,3,One Year,Mailed Check,No,0
66,15,99.05,1559.38,2,3,Month-to-Month,Credit Card,DSL,1
31,65,32.48,2081.0,2,3,One Year,Electronic Check,DSL,0
43,71,99.42,7047.34,3,3,Month-to-Month,Bank Transfer,Fiber Optic,1
62,15,47.58,631.73,2,0,One Year,Mailed Check,Fiber Optic,0
44,21,107.71,2242.29,4,1,One Year,Bank Transfer,DSL,1
26,19,114.4,2223.43,1,2,Month-to-Month,Credit Card,DSL,1
43,60,34.88,2069.48,3,1,Month-to-Month,Electronic Check,DSL,0
64,33,66.27,2218.93,4,4,One Year,Mailed Check,Fiber Optic,0
39,49,118.1,5777.37,2,0,Two Year,Credit Card,Fiber Optic,0
64,35,68.34,2408.1,2,1,Month-to-Month,Credit Card,Fiber Optic,1
47,44,106.35,4622.02,4,4,Month-to-Month,Electronic Check,Fiber Optic,1
60,11,78.87,871.83,1,1,Two Year,Mailed Check,Fiber Optic,1
65,66,57.53,3647.42,1,2,Month-to-Month,Electronic Check,DSL,0
34,46,48.58,2225.34,3,4,One Year,Electronic Check,No,0
43,9,40.32,281.36,2,2,Month-to-Month,Bank Transfer,No,1
53,3,96.18,348.84,4,3,Month-to-Month,Bank Transfer,DSL,1
18,26,58.65,1563.77,1,1,One Year,Electronic Check,DSL,1
25,48,71.13,3437.57,3,2,One Year,Bank Transfer,DSL,0
66,66,69.23,4645.23,2,1,Month-to-Month,Credit Card,DSL,0
52,70,77.73,5393.65,2,3,Month-to-Month,Electronic Check,Fiber Optic,0
69,28,106.56,3071.05,3,3,One Year,Mailed Check,Fiber Optic,0
32,26,118.07,3116.43,3,1,One Year,Mailed Check,Fiber Optic,0
64,25,60.76,1507.17,1,3,Month-to-Month,Credit Card,Fiber Optic,1
39,12,102.75,1289.78,4,3,One Year,Mailed Check,Fiber Optic,1
31,5,96.45,426.94,2,3,One Year,Mailed Check,Fiber Optic,1
43,48,77.35,3671.57,4,2,One Year,Electronic Check,DSL,0
45,37,115.6,4246.77,2,0,One Year,Credit Card,DSL,1
40,44,40.05,1735.75,2,4,Month-to-Month,Electronic Check,Fiber Optic,1
31,15,30.93,411.12,4,1,One Year,Credit Card,DSL,0
41,43,105.4,4593.35,3,2,One Year,Electronic Check,DSL,1
19,48,63.91,3054.74,1,2,Month-to-Month,Electronic Check,No,1
62,70,104.7,7346.63,2,1,Month-to-Month,Bank Transfer,Fiber Optic,1
43,46,109.31,4999.74,3,2,Month-to-Month,Mailed Check,DSL,1
31,43,26.25,1037.72,2,6,One Year,Credit Card,Fiber Optic,0
68,21,108.35,2288.85,1,0,Month-to-Month,Mailed Check,Fiber Optic,1
24,23,64.83,1395.48,2,4,One Year,Bank Transfer,DSL,0
20,47,71.04,3335.45,1,2,Two Year,Credit Card,DSL,1
64,15,82.66,1171.48,1,1,One Year,Bank Transfer,No,0
40,25,112.64,2915.36,2,2,Two Year,Mailed Check,DSL,0
63,36,21.91,834.33,2,4,Two Year,Electronic Check,DSL,0
60,51,67.68,3456.97,1,1,Month-to-Month,Bank Transfer,Fiber Optic,0
64,15,88.77,1394.74,3,2,One Year,Bank Transfer,Fiber Optic,1
62,68,92.27,6232.04,4,2,Month-to-Month,Electronic Check,DSL,0
35,21,89.25,1901.42,1,5,Two Year,Mailed Check,DSL,1
55,13,33.44,444.71,2,1,Month-to-Month,Bank Transfer,DSL,1
